"","meso","date","block","treatment_n","pesticides.P1","pesticides.P2","nutrients.P1","nutrients.P2","alona","calanoida","chydorus","cyclopoida","daphnia","ephippia","lepadella","nauplius","ostracoda","scapholeberis","vorticella","keratella_quadrata","pleuroxus","simocephalus","lecane","keratella_cochlearis","testudinella","P1","P2","total.abundance","richness","hill.diversity"
"1","1","01/06/2022","1","6","no","yes","no","no",4,0,1,0,0,0,54,7,0,12,1,0,0,0,0,0,0,"C","I",79,6,2.78078098200048
"2","1","18/05/2022","1","6","no","yes","no","no",2,0,0,1,1,0,0,7,1,1,0,0,0,0,0,0,0,"C","I",13,6,4.09805945133898
"3","1","27/05/2022","1","6","no","yes","no","no",4,0,0,2,0,1,51,31,0,35,0,0,0,0,0,0,0,"C","I",124,6,3.615529446001
"4","1","13/05/2022","1","6","no","yes","no","no",0,1,0,0,54,0,0,21,0,0,0,0,0,0,0,0,0,"C","I",76,3,1.92553833076185
"5","2","27/05/2022","1","9","no","yes","yes","no",1,0,0,0,0,0,1,5,0,14,0,3,0,0,0,0,0,"N","I",24,5,3.20905859079074
"6","2","01/06/2022","1","9","no","yes","yes","no",0,0,0,1,0,1,9,4,0,4,0,1,0,0,0,0,0,"N","I",20,6,4.27362951328938
"7","2","13/05/2022","1","9","no","yes","yes","no",0,0,0,0,1,0,0,8,0,14,0,0,0,0,0,0,0,"N","I",23,3,2.23854808429877
"8","2","18/05/2022","1","9","no","yes","yes","no",0,0,0,0,1,0,0,2,0,4,0,2,0,0,0,0,0,"N","I",9,4,3.57165236692845
"9","3","01/06/2022","1","8","yes","no","no","yes",4,0,2,0,0,0,3,66,0,3,0,4,0,0,0,0,0,"I","N",82,6,2.23003568874682
"10","3","13/05/2022","1","8","yes","no","no","yes",1,0,0,0,0,0,0,3,0,8,0,0,0,0,0,0,0,"I","N",12,3,2.27950705695478
"11","3","27/05/2022","1","8","yes","no","no","yes",1,0,0,0,0,0,4,117,0,12,0,0,0,0,0,0,0,"I","N",134,4,1.60948038541625
"12","3","18/05/2022","1","8","yes","no","no","yes",0,0,0,0,0,0,0,7,0,4,0,0,0,0,0,0,0,"I","N",11,2,1.92607022425223
"13","4","01/06/2022","1","10","yes","yes","yes","yes",5,0,1,0,0,0,8,5,0,16,0,0,1,0,0,0,0,"NI","NI",36,6,4.22953931002204
"14","4","13/05/2022","1","10","yes","yes","yes","yes",2,0,0,1,0,0,1,3,0,0,0,0,0,0,0,0,0,"NI","NI",7,4,3.58598882705695
"15","4","18/05/2022","1","10","yes","yes","yes","yes",1,0,0,0,0,0,1,2,0,3,0,1,0,0,0,0,0,"NI","NI",8,5,4.45565973351251
"16","4","27/05/2022","1","10","yes","yes","yes","yes",1,0,0,0,0,1,17,4,0,7,0,0,0,0,0,0,0,"NI","NI",30,5,3.17982088722808
"17","5","01/06/2022","1","12","yes","yes","no","yes",10,0,2,0,0,0,0,0,0,9,0,0,0,0,0,0,0,"I","NI",21,3,2.56093301896246
"18","5","27/05/2022","1","12","yes","yes","no","yes",10,0,3,0,0,0,0,0,0,9,0,0,0,0,0,0,0,"I","NI",22,3,2.70671980899485
"19","5","13/05/2022","1","12","yes","yes","no","yes",0,0,0,0,0,0,9,0,0,28,0,0,0,0,0,0,0,"I","NI",37,2,1.741574523035
"20","5","18/05/2022","1","12","yes","yes","no","yes",0,0,0,0,0,0,8,5,0,5,0,0,0,0,0,0,0,"I","NI",18,3,2.92134271231815
"21","6","13/05/2022","1","15","yes","yes","yes","no",0,0,0,0,0,1,2,4,0,17,0,1,0,0,0,0,0,"NI","I",25,5,2.75945136365769
"22","6","01/06/2022","1","15","yes","yes","yes","no",0,0,0,0,0,0,59,8,0,11,0,0,0,0,0,0,0,"NI","I",78,3,2.05644118703545
"23","6","18/05/2022","1","15","yes","yes","yes","no",0,0,0,0,0,0,2,7,0,7,0,0,0,0,0,0,0,"NI","I",16,3,2.67319381847704
"24","6","27/05/2022","1","15","yes","yes","yes","no",0,0,0,0,0,0,28,18,0,10,0,0,0,1,0,0,0,"NI","I",57,4,2.97269100143142
"25","7","01/06/2022","1","1","no","no","no","no",2,0,2,0,0,2,3,28,0,8,0,0,0,0,0,0,0,"C","C",45,6,3.31332380066168
"26","7","27/05/2022","1","1","no","no","no","no",2,0,1,1,0,0,1,61,0,7,0,0,0,0,0,0,0,"C","C",73,6,1.91508346519389
"27","7","18/05/2022","1","1","no","no","no","no",0,0,0,0,0,0,2,22,0,1,0,0,0,0,0,0,0,"C","C",25,3,1.5578500403998
"28","7","13/05/2022","1","1","no","no","no","no",0,0,0,0,0,0,0,28,0,17,0,0,0,0,0,0,0,"C","C",45,2,1.9405389688049
"29","8","13/05/2022","1","11","no","yes","yes","yes",1,0,0,0,2,0,5,22,0,1,0,0,0,0,0,0,0,"N","NI",31,5,2.54985945014268
"30","8","27/05/2022","1","11","no","yes","yes","yes",2,0,2,0,4,0,11,7,0,12,0,0,0,0,0,0,0,"N","NI",38,6,4.86178425702827
"31","8","01/06/2022","1","11","no","yes","yes","yes",0,1,0,1,0,0,101,18,0,32,0,0,0,0,0,0,0,"N","NI",153,5,2.50666093735767
"32","8","18/05/2022","1","11","no","yes","yes","yes",0,0,0,1,0,0,7,18,0,2,0,0,0,0,0,0,0,"N","NI",28,4,2.55517401747747
"33","9","01/06/2022","1","3","no","no","yes","yes",2,0,1,0,0,0,1,24,0,9,0,0,0,0,0,0,0,"N","N",37,5,2.65793669377215
"34","9","13/05/2022","1","3","no","no","yes","yes",1,0,0,0,0,0,0,24,0,9,0,0,0,0,0,0,0,"N","N",34,3,2.01659438101026
"35","9","27/05/2022","1","3","no","no","yes","yes",3,0,0,0,2,1,0,47,0,8,0,0,0,0,0,0,0,"N","N",61,5,2.21421248095786
"36","9","18/05/2022","1","3","no","no","yes","yes",0,0,0,0,0,0,0,32,0,12,0,0,0,0,0,0,0,"N","N",44,2,1.79670174162689
"37","10","18/05/2022","1","14","yes","no","yes","yes",1,0,0,0,0,0,0,8,0,5,0,0,0,0,0,0,0,"NI","N",14,3,2.40128921403548
"38","10","01/06/2022","1","14","yes","no","yes","yes",0,0,2,1,0,0,66,74,0,23,0,0,0,0,0,0,0,"NI","N",166,5,2.95871398336256
"39","10","27/05/2022","1","14","yes","no","yes","yes",0,0,0,3,1,0,39,97,0,33,0,0,0,0,0,0,0,"NI","N",173,5,2.93402636792792
"40","10","13/05/2022","1","14","yes","no","yes","yes",0,0,0,0,0,0,1,1,0,4,0,0,0,0,0,0,0,"NI","N",6,3,2.3811015779523
"41","11","01/06/2022","1","4","yes","no","no","no",2,0,5,0,0,0,18,75,0,13,0,0,0,0,0,0,0,"I","C",113,5,2.78102714031488
"42","11","27/05/2022","1","4","yes","no","no","no",6,0,1,0,0,1,14,107,0,13,0,0,0,0,0,0,0,"I","C",142,6,2.37271674448641
"43","11","13/05/2022","1","4","yes","no","no","no",0,0,0,1,2,0,7,5,0,1,0,0,0,1,0,0,0,"I","C",17,6,4.37998546040185
"44","11","18/05/2022","1","4","yes","no","no","no",0,0,0,0,0,0,8,12,0,0,0,0,0,0,0,0,0,"I","C",20,2,1.96013170420779
"45","12","01/06/2022","1","2","yes","yes","no","no",4,0,0,1,0,0,3,11,0,9,0,0,0,0,0,0,0,"I","I",28,5,3.92816720222176
"46","12","13/05/2022","1","2","yes","yes","no","no",1,0,0,0,1,0,0,0,0,0,0,0,0,6,0,0,0,"I","I",8,3,2.08677944009772
"47","12","27/05/2022","1","2","yes","yes","no","no",1,0,0,0,0,0,2,5,0,16,0,0,0,1,0,0,0,"I","I",25,5,2.90687809497152
"48","12","18/05/2022","1","2","yes","yes","no","no",0,0,1,0,0,0,0,16,0,2,0,0,0,0,0,0,0,"I","I",19,3,1.71029276332728
"49","13","01/06/2022","1","16","yes","no","yes","no",4,0,0,0,0,0,1,43,0,13,0,0,0,0,0,0,0,"NI","C",61,4,2.27505215596831
"50","13","13/05/2022","1","16","yes","no","yes","no",1,0,0,0,5,0,0,2,0,18,0,0,0,0,0,0,0,"NI","C",26,4,2.44548540202712
"51","13","27/05/2022","1","16","yes","no","yes","no",4,0,2,0,1,0,0,158,1,6,0,0,0,4,0,0,0,"NI","C",176,7,1.63833683355383
"52","13","18/05/2022","1","16","yes","no","yes","no",0,0,0,0,0,0,1,4,0,8,0,0,0,0,0,0,0,"NI","C",13,3,2.36018714118578
"53","14","01/06/2022","1","5","no","no","yes","no",6,0,2,0,2,0,7,18,0,11,0,1,0,0,0,0,0,"N","C",47,7,4.97509406414237
"54","14","27/05/2022","1","5","no","no","yes","no",1,0,0,1,0,1,3,21,0,15,0,0,0,0,0,0,0,"N","C",42,6,3.22126876060126
"55","14","13/05/2022","1","5","no","no","yes","no",0,0,0,0,1,0,0,0,0,1,0,0,0,0,0,0,0,"N","C",2,2,2
"56","14","18/05/2022","1","5","no","no","yes","no",0,0,0,0,0,0,0,4,0,4,0,0,0,0,0,0,0,"N","C",8,2,2
"57","15","01/06/2022","1","13","no","yes","no","yes",4,0,0,1,0,0,1,8,0,5,0,0,0,0,0,0,0,"C","NI",19,5,3.87093820787481
"58","15","13/05/2022","1","13","no","yes","no","yes",2,0,0,1,0,0,0,3,0,7,0,0,0,0,0,0,0,"C","NI",13,4,3.1803385212362
"59","15","18/05/2022","1","13","no","yes","no","yes",2,0,0,0,0,0,4,21,2,17,0,0,0,0,0,0,0,"C","NI",46,5,3.35641221177269
"60","15","27/05/2022","1","13","no","yes","no","yes",2,0,0,0,2,0,0,8,0,11,0,0,0,0,0,0,0,"C","NI",23,4,3.14194924942441
"61","16","27/05/2022","1","7","no","no","no","yes",1,0,0,0,2,0,4,5,0,14,0,0,0,0,0,0,0,"C","N",26,5,3.52881919009432
"62","16","01/06/2022","1","7","no","no","no","yes",0,0,0,0,1,0,2,3,0,20,0,0,0,0,0,0,0,"C","N",26,4,2.16756653650762
"63","16","18/05/2022","1","7","no","no","no","yes",0,0,0,0,0,0,2,5,0,9,0,0,0,0,0,0,0,"C","N",16,3,2.57811149515043
"64","16","13/05/2022","1","7","no","no","no","yes",0,0,0,0,0,0,0,7,0,25,0,0,0,0,0,0,0,"C","N",32,2,1.69100211307349
"65","17","01/06/2022","2","1","no","no","no","no",2,0,2,0,0,0,1,24,0,15,0,0,0,0,0,0,0,"C","C",44,5,2.89936983241095
"66","17","27/05/2022","2","1","no","no","no","no",2,0,0,0,1,1,0,16,0,20,0,0,0,0,0,0,0,"C","C",40,5,2.85000420413065
"67","17","13/05/2022","2","1","no","no","no","no",0,0,0,0,0,2,0,12,0,13,0,0,0,0,0,0,0,"C","C",27,3,2.4722138837135
"68","17","18/05/2022","2","1","no","no","no","no",0,0,0,0,0,0,0,23,0,22,0,0,0,0,0,0,0,"C","C",45,2,1.9995061931586
"69","18","01/06/2022","2","13","no","yes","no","yes",3,0,0,0,0,0,0,36,0,6,0,0,0,0,0,0,0,"C","NI",45,3,1.87330688572446
"70","18","27/05/2022","2","13","no","yes","no","yes",1,0,0,0,1,0,3,6,0,3,0,0,0,0,0,0,0,"C","NI",14,5,4.05652451503777
"71","18","18/05/2022","2","13","no","yes","no","yes",0,1,0,0,0,0,0,29,0,2,0,0,0,0,0,0,0,"C","NI",32,3,1.4488966823777
"72","18","13/05/2022","2","13","no","yes","no","yes",0,0,0,1,0,0,0,16,0,0,0,0,0,0,0,0,0,"C","NI",17,2,1.25071836227823
"73","19","01/06/2022","2","6","no","yes","no","no",3,0,1,1,0,0,3,7,0,12,0,0,0,0,0,0,0,"C","I",27,6,4.2325414259667
"74","19","18/05/2022","2","6","no","yes","no","no",1,0,0,0,0,0,3,5,0,0,0,0,0,0,0,0,0,"C","I",9,3,2.55202792428089
"75","19","27/05/2022","2","6","no","yes","no","no",1,0,0,0,1,0,4,4,0,8,0,0,0,1,0,0,0,"C","I",19,6,4.41576793628993
"76","19","13/05/2022","2","6","no","yes","no","no",0,0,0,0,0,0,0,4,0,0,0,0,0,0,0,0,0,"C","I",4,1,1
"77","20","27/05/2022","2","2","yes","yes","no","no",2,0,0,0,0,0,1,2,0,20,0,0,0,0,0,0,0,"I","I",25,4,2.03681325617793
"78","20","01/06/2022","2","2","yes","yes","no","no",0,0,1,0,0,0,1,19,0,25,0,0,0,0,0,0,0,"I","I",46,4,2.37042921885791
"79","20","18/05/2022","2","2","yes","yes","no","no",0,0,0,0,0,0,2,4,0,12,0,0,0,0,0,0,0,"I","I",18,3,2.33657354148564
"80","20","13/05/2022","2","2","yes","yes","no","no",0,0,0,0,0,0,0,4,0,4,0,0,0,0,0,0,0,"I","I",8,2,2
"81","21","27/05/2022","2","16","yes","no","yes","no",2,0,0,0,0,0,0,77,0,5,0,0,0,0,0,0,0,"NI","C",84,3,1.40030739741983
"82","21","01/06/2022","2","16","yes","no","yes","no",0,0,2,1,0,0,0,29,0,13,0,0,0,0,0,0,0,"NI","C",45,4,2.37461540121515
"83","21","13/05/2022","2","16","yes","no","yes","no",0,0,1,0,0,0,0,6,0,0,0,0,0,0,0,0,0,"NI","C",7,2,1.50699306577254
"84","21","18/05/2022","2","16","yes","no","yes","no",0,0,0,0,0,0,1,11,0,1,0,0,0,0,0,0,0,"NI","C",13,3,1.70908997365706
"85","22","01/06/2022","2","12","yes","yes","no","yes",2,0,1,0,0,0,3,74,0,10,0,0,0,0,0,0,0,"I","NI",90,5,1.92138299453531
"86","22","27/05/2022","2","12","yes","yes","no","yes",1,0,0,3,0,0,0,1,1,7,0,0,0,0,0,0,0,"I","NI",13,5,3.53822670951743
"87","22","13/05/2022","2","12","yes","yes","no","yes",0,0,0,0,1,0,1,4,0,4,0,0,0,0,0,0,0,"I","NI",10,4,3.29876977693224
"88","22","18/05/2022","2","12","yes","yes","no","yes",0,0,0,0,0,0,4,11,0,2,0,0,0,0,0,0,0,"I","NI",17,3,2.39623897461876
"89","23","01/06/2022","2","4","yes","no","no","no",1,0,0,0,0,0,4,33,0,10,0,0,0,0,0,0,0,"I","C",48,4,2.39198198474587
"90","23","13/05/2022","2","4","yes","no","no","no",0,0,0,0,4,0,2,5,0,6,0,0,0,0,0,0,0,"I","C",17,4,3.74241049621507
"91","23","27/05/2022","2","4","yes","no","no","no",0,0,0,0,0,1,12,94,0,3,0,0,0,0,0,0,0,"I","C",110,4,1.67696494996567
"92","23","18/05/2022","2","4","yes","no","no","no",0,0,0,0,0,0,0,17,0,5,0,0,0,0,0,0,0,"I","C",22,2,1.70908799027152
"93","24","01/06/2022","2","5","no","no","yes","no",8,0,8,9,0,1,2,11,0,6,0,0,0,0,0,0,0,"N","C",45,7,5.88261034714239
"94","24","27/05/2022","2","5","no","no","yes","no",4,0,1,0,0,0,0,16,0,11,0,0,0,0,0,0,0,"N","C",32,4,2.95021558255974
"95","24","18/05/2022","2","5","no","no","yes","no",0,0,0,2,0,0,2,21,1,0,0,1,0,0,0,0,0,"N","C",27,5,2.28230637304741
"96","24","13/05/2022","2","5","no","no","yes","no",0,0,0,0,0,0,1,14,0,0,0,0,0,0,0,0,0,"N","C",15,2,1.27753191707406
"97","25","01/06/2022","2","8","yes","no","no","yes",4,0,1,4,0,1,0,5,1,8,0,0,0,0,0,0,0,"I","N",24,7,5.4059973860375
"98","25","13/05/2022","2","8","yes","no","no","yes",4,0,3,0,0,0,0,3,0,0,0,0,0,4,0,0,0,"I","N",14,4,3.95925266010504
"99","25","27/05/2022","2","8","yes","no","no","yes",2,0,1,1,0,0,1,19,0,2,0,0,0,0,0,0,0,"I","N",26,6,2.71761077401828
"100","25","18/05/2022","2","8","yes","no","no","yes",0,0,0,0,0,0,2,1,0,0,0,0,0,0,0,0,0,"I","N",3,2,1.88988157484231
"101","26","01/06/2022","2","3","no","no","yes","yes",0,0,3,0,0,0,1,24,0,0,0,0,0,0,0,0,0,"N","N",28,3,1.63305078119194
"102","26","27/05/2022","2","3","no","no","yes","yes",0,0,0,1,0,0,0,30,0,2,0,0,0,0,0,0,0,"N","N",33,3,1.43691868914221
"103","26","13/05/2022","2","3","no","no","yes","yes",0,0,0,0,3,0,0,29,0,1,0,0,0,0,0,0,0,"N","N",33,3,1.5488224884556
"104","26","18/05/2022","2","3","no","no","yes","yes",0,0,0,0,0,0,0,19,0,0,0,0,0,0,0,0,0,"N","N",19,1,1
"105","27","01/06/2022","2","14","yes","no","yes","yes",3,0,1,1,0,0,23,40,0,7,0,0,0,0,0,0,0,"NI","N",75,6,3.19942596037828
"106","27","27/05/2022","2","14","yes","no","yes","yes",5,0,2,0,0,0,9,65,0,10,0,0,0,0,0,0,0,"NI","N",91,5,2.59906145523995
"107","27","13/05/2022","2","14","yes","no","yes","yes",0,0,0,0,1,0,0,2,0,2,0,0,0,1,0,0,0,"NI","N",6,4,3.77976314968462
"108","27","18/05/2022","2","14","yes","no","yes","yes",0,0,0,0,0,0,0,12,0,0,0,0,0,0,0,0,0,"NI","N",12,1,1
"109","28","01/06/2022","2","7","no","no","no","yes",1,0,1,0,0,0,1,5,0,3,0,0,0,0,0,0,0,"C","N",11,5,3.92242879326861
"110","28","27/05/2022","2","7","no","no","no","yes",3,0,0,0,0,0,0,12,0,8,0,0,0,0,0,0,0,"C","N",23,3,2.64438866940192
"111","28","13/05/2022","2","7","no","no","no","yes",0,0,0,0,0,0,1,4,0,7,0,0,0,4,0,0,0,"C","N",16,4,3.41475535285454
"112","28","18/05/2022","2","7","no","no","no","yes",0,0,0,0,0,0,0,10,0,3,0,0,0,0,0,0,0,"C","N",13,2,1.71635720768397
"113","29","27/05/2022","2","9","no","yes","yes","no",1,0,1,1,0,0,7,16,0,8,0,0,0,4,0,0,0,"N","I",38,7,4.60904353953685
"114","29","01/06/2022","2","9","no","yes","yes","no",0,0,0,2,0,0,12,9,0,11,0,0,0,0,2,0,0,"N","I",36,5,4.03983561539498
"115","29","13/05/2022","2","9","no","yes","yes","no",0,0,0,0,0,0,0,11,0,0,0,0,0,1,0,0,0,"N","I",12,2,1.33220569124945
"116","29","18/05/2022","2","9","no","yes","yes","no",0,0,0,0,0,0,0,14,0,18,0,0,0,0,0,0,0,"N","I",32,2,1.98439524901812
"117","30","27/05/2022","2","11","no","yes","yes","yes",0,0,0,0,1,0,4,7,0,6,0,0,0,0,0,0,0,"N","NI",18,4,3.41545374409807
"118","30","01/06/2022","2","11","no","yes","yes","yes",0,0,0,0,0,0,7,8,0,17,0,0,0,0,0,0,0,"N","NI",32,3,2.75953747246146
"119","30","13/05/2022","2","11","no","yes","yes","yes",0,0,0,0,0,0,0,13,0,4,0,0,0,0,0,0,0,"N","NI",17,2,1.72563409452829
"120","30","18/05/2022","2","11","no","yes","yes","yes",0,0,0,0,0,0,0,14,0,14,0,0,0,0,0,0,0,"N","NI",28,2,2
"121","31","01/06/2022","2","10","yes","yes","yes","yes",6,0,4,5,0,0,0,32,1,30,0,0,0,0,0,0,0,"NI","NI",78,6,3.72336135467739
"122","31","27/05/2022","2","10","yes","yes","yes","yes",2,0,4,0,0,0,8,18,0,12,0,1,0,0,0,0,0,"NI","NI",45,6,4.32391313373772
"123","31","13/05/2022","2","10","yes","yes","yes","yes",0,0,0,1,0,0,0,3,0,10,0,1,0,1,0,0,0,"NI","NI",16,5,3.08787525606088
"124","31","18/05/2022","2","10","yes","yes","yes","yes",0,0,0,0,0,0,0,2,0,7,0,0,0,0,0,0,0,"NI","NI",9,2,1.69843323402318
"125","32","01/06/2022","2","15","yes","yes","yes","no",1,0,0,3,0,0,2,19,0,15,0,0,0,7,0,0,0,"NI","I",47,6,4.08015477674699
"126","32","27/05/2022","2","15","yes","yes","yes","no",1,0,0,0,0,0,0,6,0,8,0,0,0,1,0,0,0,"NI","I",16,4,2.8891378922424
"127","32","13/05/2022","2","15","yes","yes","yes","no",0,0,0,0,0,0,1,3,0,1,0,0,0,0,0,0,0,"NI","I",5,3,2.58640928985893
"128","32","18/05/2022","2","15","yes","yes","yes","no",0,0,0,0,0,0,0,15,0,1,0,0,0,0,0,0,0,"NI","I",16,2,1.26338125030273
"129","33","27/05/2022","3","15","yes","yes","yes","no",1,0,0,0,0,0,0,1,0,5,0,0,0,0,0,0,0,"NI","I",7,3,2.21734745227321
"130","33","01/06/2022","3","15","yes","yes","yes","no",0,0,1,0,0,0,2,24,0,10,0,0,0,0,0,0,0,"NI","I",37,4,2.43437458520735
"131","33","13/05/2022","3","15","yes","yes","yes","no",0,0,0,0,1,0,1,4,0,0,0,0,0,1,0,0,0,"NI","I",7,4,3.17003282492367
"132","33","18/05/2022","3","15","yes","yes","yes","no",0,0,0,0,0,0,3,13,0,0,0,0,0,0,0,0,0,"NI","I",16,2,1.62024531238264
"133","34","01/06/2022","3","9","no","yes","yes","no",4,0,0,0,0,0,2,6,0,0,0,0,0,0,0,0,0,"N","I",12,3,2.74945927399721
"134","34","13/05/2022","3","9","no","yes","yes","no",2,0,0,0,0,0,0,8,0,0,0,0,0,0,0,0,0,"N","I",10,2,1.64938488846612
"135","34","18/05/2022","3","9","no","yes","yes","no",1,0,0,1,0,0,2,4,0,0,0,0,0,0,0,0,0,"N","I",8,4,3.36358566101486
"136","34","27/05/2022","3","9","no","yes","yes","no",6,0,3,0,0,0,16,6,0,2,0,0,0,0,0,0,0,"N","I",33,5,3.89148354133949
"137","35","01/06/2022","3","11","no","yes","yes","yes",3,0,0,0,0,0,11,27,2,25,0,0,0,2,0,0,0,"N","NI",70,6,3.9123626982503
"138","35","27/05/2022","3","11","no","yes","yes","yes",0,0,0,0,0,1,3,4,0,0,0,0,0,0,0,0,0,"N","NI",8,3,2.6493511285621
"139","35","18/05/2022","3","11","no","yes","yes","yes",0,0,0,0,0,0,2,12,0,0,0,0,0,0,0,0,0,"N","NI",14,2,1.50699306577254
"140","35","13/05/2022","3","11","no","yes","yes","yes",0,0,0,0,0,0,0,7,0,0,0,0,0,0,0,0,0,"N","NI",7,1,1
"141","36","27/05/2022","3","4","yes","no","no","no",4,0,0,0,0,0,0,13,0,19,0,0,0,0,0,0,0,"I","C",36,3,2.58375833521102
"142","36","13/05/2022","3","4","yes","no","no","no",0,0,0,0,2,1,0,1,0,0,0,0,0,3,0,0,0,"I","C",7,4,3.58598882705695
"143","36","01/06/2022","3","4","yes","no","no","no",0,0,0,0,0,1,0,44,0,22,0,0,0,0,0,0,0,"I","C",67,3,2.02300492871254
"144","36","18/05/2022","3","4","yes","no","no","no",0,0,0,0,0,0,0,7,0,0,0,0,0,0,0,0,0,"I","C",7,1,1
"145","37","27/05/2022","3","1","no","no","no","no",4,0,1,0,0,0,0,20,0,0,0,0,0,0,0,0,0,"C","C",25,3,1.82299892907769
"146","37","01/06/2022","3","1","no","no","no","no",0,0,1,1,0,0,1,17,0,7,0,0,0,0,0,0,0,"C","C",27,5,2.73865404072268
"147","37","13/05/2022","3","1","no","no","no","no",0,0,0,1,0,0,0,17,0,2,0,0,0,0,0,0,0,"C","C",20,3,1.67897957501336
"148","37","18/05/2022","3","1","no","no","no","no",0,0,0,0,0,0,0,7,0,0,0,0,0,0,0,0,0,"C","C",7,1,1
"149","38","01/06/2022","3","10","yes","yes","yes","yes",2,0,1,0,0,0,33,16,0,0,0,35,0,0,0,0,0,"NI","NI",87,5,3.26577924086867
"150","38","27/05/2022","3","10","yes","yes","yes","yes",1,0,1,0,0,0,10,14,0,0,0,12,0,0,0,1,0,"NI","NI",39,6,3.90092863901853
"151","38","18/05/2022","3","10","yes","yes","yes","yes",0,0,0,0,0,0,0,8,0,0,0,13,0,0,0,1,0,"NI","NI",22,3,2.2687522248984
"152","38","13/05/2022","3","10","yes","yes","yes","yes",0,0,0,0,0,0,0,5,0,0,2,5,0,2,0,0,0,"NI","NI",14,4,3.63793702330635
"153","39","18/05/2022","3","12","yes","yes","no","yes",1,0,0,0,0,0,0,23,0,0,0,0,0,1,0,0,0,"I","NI",25,3,1.39685201795447
"154","39","27/05/2022","3","12","yes","yes","no","yes",1,0,0,0,0,0,0,15,0,1,0,0,0,0,0,0,0,"I","NI",17,3,1.55855215457103
"155","39","01/06/2022","3","12","yes","yes","no","yes",0,0,0,1,0,0,5,83,0,0,0,0,0,0,0,0,0,"I","NI",89,3,1.31953218503343
"156","39","13/05/2022","3","12","yes","yes","no","yes",0,0,0,0,0,0,0,1,0,0,0,0,0,0,0,0,0,"I","NI",1,1,1
"157","40","01/06/2022","3","6","no","yes","no","no",2,0,0,0,0,0,1,2,0,3,0,0,0,0,0,0,0,"C","I",8,4,3.74674829750099
"158","40","27/05/2022","3","6","no","yes","no","no",2,0,1,0,0,0,2,6,1,0,0,0,0,0,0,0,0,"C","I",12,5,3.88832259447933
"159","40","13/05/2022","3","6","no","yes","no","no",0,0,0,0,2,0,0,30,0,0,0,0,0,0,0,0,0,"C","I",32,2,1.26338125030273
"160","40","18/05/2022","3","6","no","yes","no","no",0,0,0,0,0,0,0,17,0,0,0,0,0,0,0,0,0,"C","I",17,1,1
"161","41","27/05/2022","3","7","no","no","no","yes",2,0,0,0,0,1,0,30,0,0,0,0,0,0,0,0,0,"C","N",33,3,1.43691868914221
"162","41","01/06/2022","3","7","no","no","no","yes",0,0,2,0,0,0,2,18,0,0,0,0,0,0,0,0,0,"C","N",22,3,1.82242143054562
"163","41","13/05/2022","3","7","no","no","no","yes",0,0,0,0,0,0,0,34,0,0,0,0,0,2,0,0,0,"C","N",36,2,1.23931543072907
"164","41","18/05/2022","3","7","no","no","no","yes",0,0,0,0,0,0,0,15,0,1,0,0,0,0,0,0,0,"C","N",16,2,1.26338125030273
"165","42","01/06/2022","3","14","yes","no","yes","yes",1,0,1,1,0,0,4,17,0,0,0,0,0,0,0,0,0,"NI","N",24,5,2.56035345705133
"166","42","18/05/2022","3","14","yes","no","yes","yes",1,0,0,0,0,0,6,5,0,0,0,0,0,0,0,0,0,"NI","N",12,3,2.5053483456112
"167","42","27/05/2022","3","14","yes","no","yes","yes",7,0,1,0,0,0,3,39,0,0,0,0,0,0,0,0,0,"NI","N",50,4,2.04643808675766
"168","42","13/05/2022","3","14","yes","no","yes","yes",0,0,0,0,2,0,0,7,1,0,0,0,0,3,0,0,0,"NI","N",13,4,3.1803385212362
"169","43","18/05/2022","3","5","no","no","yes","no",1,0,0,0,0,0,0,9,0,0,0,0,0,0,0,0,0,"N","C",10,2,1.38414548846169
"170","43","27/05/2022","3","5","no","no","yes","no",6,0,3,0,1,0,0,15,0,0,0,0,0,1,0,0,0,"N","C",26,5,3.17565519827811
"171","43","01/06/2022","3","5","no","no","yes","no",0,0,2,0,0,0,2,14,0,0,0,0,0,0,0,0,0,"N","C",18,3,1.98127168926922
"172","43","13/05/2022","3","5","no","no","yes","no",0,0,0,0,0,1,0,15,0,0,0,0,0,1,0,0,0,"N","C",17,3,1.55855215457103
"173","44","01/06/2022","3","8","yes","no","no","yes",7,0,5,1,1,0,5,122,0,9,0,0,0,0,0,0,0,"I","N",150,7,2.16717910142873
"174","44","18/05/2022","3","8","yes","no","no","yes",1,0,0,0,0,0,1,9,0,0,0,0,0,0,0,0,0,"I","N",11,3,1.82242143054562
"175","44","27/05/2022","3","8","yes","no","no","yes",7,0,0,0,0,0,1,92,0,13,0,0,0,0,0,0,0,"I","N",113,4,1.87818494568413
"176","44","13/05/2022","3","8","yes","no","no","yes",0,0,0,0,1,0,0,0,0,0,0,0,0,2,0,0,0,"I","N",3,2,1.88988157484231
"177","45","13/05/2022","3","2","yes","yes","no","no",0,0,0,0,1,0,5,3,0,1,0,0,0,0,0,0,0,"I","I",10,4,3.21646345532414
"178","45","01/06/2022","3","2","yes","yes","no","no",0,0,0,0,0,0,18,15,0,16,0,0,0,0,0,0,0,"I","I",49,3,2.99133874627932
"179","45","18/05/2022","3","2","yes","yes","no","no",0,0,0,0,0,0,2,7,0,0,0,0,0,0,0,0,0,"I","I",9,2,1.69843323402318
"180","45","27/05/2022","3","2","yes","yes","no","no",0,0,0,0,0,0,33,9,0,10,0,0,0,0,0,0,0,"I","I",52,3,2.48236698124282
"181","46","01/06/2022","3","3","no","no","yes","yes",6,0,2,0,0,0,0,14,0,8,0,0,0,0,0,0,0,"N","N",30,4,3.35535589631938
"182","46","27/05/2022","3","3","no","no","yes","yes",3,0,0,0,0,0,0,30,0,6,0,0,0,0,0,0,0,"N","N",39,3,1.98792628462815
"183","46","13/05/2022","3","3","no","no","yes","yes",0,0,0,0,1,2,0,26,0,0,0,0,0,0,0,0,0,"N","N",29,3,1.48950002146752
"184","46","18/05/2022","3","3","no","no","yes","yes",0,0,0,0,0,0,0,16,0,1,0,0,0,1,0,0,0,"N","N",18,3,1.53088875019617
"185","47","13/05/2022","3","13","no","yes","no","yes",1,0,0,0,2,0,1,18,0,0,0,0,0,0,0,0,0,"C","NI",22,4,1.94095370580704
"186","47","27/05/2022","3","13","no","yes","no","yes",3,0,0,0,0,0,10,7,0,8,0,0,0,0,0,0,0,"C","NI",28,4,3.71188762014078
"187","47","01/06/2022","3","13","no","yes","no","yes",0,0,0,0,0,0,13,9,0,32,0,0,0,0,0,0,0,"C","NI",54,3,2.58964996565538
"188","47","18/05/2022","3","13","no","yes","no","yes",0,0,0,0,0,0,3,13,0,0,0,0,0,0,0,0,0,"C","NI",16,2,1.62024531238264
"189","48","01/06/2022","3","16","yes","no","yes","no",6,0,1,0,0,2,6,119,0,12,0,0,0,0,0,0,0,"NI","C",146,6,2.06946820078445
"190","48","13/05/2022","3","16","yes","no","yes","no",1,0,0,0,1,0,2,1,0,8,0,0,0,4,0,0,0,"NI","C",17,6,4.25
"191","48","27/05/2022","3","16","yes","no","yes","no",7,0,2,0,0,0,2,82,0,6,0,0,0,0,0,0,0,"NI","C",99,5,1.95604178212779
"192","48","18/05/2022","3","16","yes","no","yes","no",0,0,0,0,2,0,0,34,0,0,0,0,0,0,0,0,0,"NI","C",36,2,1.23931543072907
"193","49","27/05/2022","4","5","no","no","yes","no",2,0,0,0,0,0,27,5,0,3,0,0,0,2,0,0,0,"N","C",39,5,2.77288856801193
"194","49","01/06/2022","4","5","no","no","yes","no",0,0,0,0,15,0,23,65,0,6,0,0,0,0,0,0,0,"N","C",109,4,2.9128148225198
"195","49","13/05/2022","4","5","no","no","yes","no",0,0,0,0,3,0,0,8,0,0,0,0,0,0,0,0,0,"N","C",11,2,1.79670174162689
"196","49","18/05/2022","4","5","no","no","yes","no",0,0,0,0,0,0,0,15,0,0,0,0,0,0,0,0,0,"N","C",15,1,1
"197","50","27/05/2022","4","14","yes","no","yes","yes",2,0,0,0,0,0,0,92,0,3,0,0,0,0,0,0,0,"NI","N",97,3,1.26837289343136
"198","50","01/06/2022","4","14","yes","no","yes","yes",0,0,0,1,0,0,0,159,0,3,0,0,0,0,0,0,0,"NI","N",163,3,1.13770881393302
"199","50","18/05/2022","4","14","yes","no","yes","yes",0,0,0,0,0,0,1,25,0,0,0,0,0,0,0,0,0,"NI","N",26,2,1.1770645027989
"200","50","13/05/2022","4","14","yes","no","yes","yes",0,0,0,0,0,0,0,0,0,0,0,0,0,2,0,0,0,"NI","N",2,1,1
"201","51","01/06/2022","4","11","no","yes","yes","yes",0,0,1,0,0,0,0,12,0,17,0,0,0,0,2,0,0,"N","NI",32,4,2.67896257664571
"202","51","18/05/2022","4","11","no","yes","yes","yes",0,0,0,0,0,0,2,35,0,4,0,3,0,0,0,0,0,"N","NI",44,4,2.06191059092382
"203","51","27/05/2022","4","11","no","yes","yes","yes",0,0,0,0,0,0,5,4,0,9,0,0,0,0,0,0,0,"N","NI",18,3,2.81969287334803
"204","51","13/05/2022","4","11","no","yes","yes","yes",0,0,0,0,0,0,0,14,0,5,0,0,0,0,0,0,0,"N","NI",19,2,1.77950302833546
"205","52","01/06/2022","4","3","no","no","yes","yes",1,0,0,0,0,0,1,15,0,9,0,0,0,0,0,0,0,"N","N",26,4,2.5476774627789
"206","52","13/05/2022","4","3","no","no","yes","yes",1,0,0,0,0,2,0,13,0,2,0,0,0,0,0,0,0,"N","N",18,4,2.42026158250606
"207","52","27/05/2022","4","3","no","no","yes","yes",0,0,0,0,2,0,1,19,0,0,0,0,0,0,0,0,0,"N","N",22,3,1.62434474463618
"208","52","18/05/2022","4","3","no","no","yes","yes",0,0,0,0,0,0,1,18,0,1,0,0,0,0,0,0,0,"N","N",20,3,1.48349040282257
"209","53","01/06/2022","4","10","yes","yes","yes","yes",4,0,7,0,0,0,4,34,0,5,0,0,0,0,0,0,0,"NI","NI",54,5,3.19643585025532
"210","53","27/05/2022","4","10","yes","yes","yes","yes",1,0,0,0,0,0,5,8,0,5,0,0,0,0,0,0,0,"NI","NI",19,4,3.39333108654586
"211","53","18/05/2022","4","10","yes","yes","yes","yes",0,0,0,0,0,0,2,14,0,1,0,0,0,0,0,0,0,"NI","NI",17,3,1.78304983158652
"212","54","01/06/2022","4","13","no","yes","no","yes",4,0,0,0,0,0,1,21,0,14,0,0,0,0,0,0,0,"C","NI",40,4,2.79604431264599
"213","54","27/05/2022","4","13","no","yes","no","yes",1,0,0,0,0,0,0,0,0,5,0,0,0,0,0,0,0,"C","NI",6,2,1.5691925832142
"214","54","18/05/2022","4","13","no","yes","no","yes",0,0,1,0,0,0,1,1,0,5,0,0,0,0,0,0,0,"C","NI",8,4,2.92572655996732
"215","54","13/05/2022","4","13","no","yes","no","yes",0,0,0,0,0,0,0,4,0,3,0,0,0,0,0,0,0,"C","NI",7,2,1.97962633005252
"216","55","01/06/2022","4","7","no","no","no","yes",2,0,2,1,0,0,1,15,0,10,0,0,1,0,0,0,0,"C","N",32,7,4.01539663937298
"217","55","18/05/2022","4","7","no","no","no","yes",0,0,0,0,1,0,0,36,0,19,0,0,0,0,0,0,0,"C","N",56,3,2.05989469459785
"218","55","27/05/2022","4","7","no","no","no","yes",0,0,0,0,0,0,1,13,0,11,0,0,0,0,0,0,0,"C","N",25,3,2.29338350210769
"219","55","13/05/2022","4","7","no","no","no","yes",0,0,0,0,0,0,0,14,0,38,0,0,0,0,0,0,0,"C","N",52,2,1.79049522551029
"220","56","27/05/2022","4","2","yes","yes","no","no",0,0,1,0,0,0,13,4,0,1,0,0,0,4,0,0,0,"I","I",23,5,3.33192724315626
"221","56","13/05/2022","4","2","yes","yes","no","no",0,0,0,0,1,0,0,0,0,1,0,0,0,0,0,0,0,"I","I",2,2,2
"222","56","01/06/2022","4","2","yes","yes","no","no",0,0,0,0,0,0,12,6,0,9,0,0,0,0,0,0,0,"I","I",27,3,2.88884551680244
"223","56","18/05/2022","4","2","yes","yes","no","no",0,0,0,0,0,0,1,0,0,0,0,0,0,0,0,0,0,"I","I",1,1,1
"224","57","01/06/2022","4","9","no","yes","yes","no",1,0,3,0,0,0,3,11,0,12,0,0,0,0,0,0,0,"N","I",30,5,3.69981936179017
"225","57","27/05/2022","4","9","no","yes","yes","no",1,0,1,0,0,0,0,9,0,1,0,0,0,1,0,0,0,"N","I",13,5,2.83997111357266
"226","57","13/05/2022","4","9","no","yes","yes","no",0,0,0,0,0,0,1,3,0,0,0,0,0,0,0,0,0,"N","I",4,2,1.75476535060332
"227","57","18/05/2022","4","9","no","yes","yes","no",0,0,0,0,0,0,1,15,0,0,0,0,0,0,0,0,0,"N","I",16,2,1.26338125030273
"228","58","13/05/2022","4","1","no","no","no","no",1,0,0,0,0,0,3,7,0,0,0,0,0,1,0,0,0,"C","C",12,4,2.93040114731895
"229","58","27/05/2022","4","1","no","no","no","no",8,0,3,0,0,0,6,13,1,7,0,0,0,0,0,0,0,"C","C",38,6,4.92452215933499
"230","58","01/06/2022","4","1","no","no","no","no",0,0,2,1,0,0,1,5,0,26,0,0,0,0,0,0,0,"C","C",35,5,2.37624061190038
"231","58","18/05/2022","4","1","no","no","no","no",0,0,0,0,0,0,2,8,0,3,0,0,0,0,0,0,0,"C","C",13,3,2.52219381313282
"232","59","01/06/2022","4","15","yes","yes","yes","no",1,0,2,0,0,0,9,16,0,27,0,0,0,0,0,0,0,"NI","I",55,5,3.3136637453263
"233","59","18/05/2022","4","15","yes","yes","yes","no",1,0,0,0,0,1,12,7,0,10,0,0,0,0,0,0,0,"NI","I",31,5,3.6324937846718
"234","59","27/05/2022","4","15","yes","yes","yes","no",9,0,1,0,0,0,4,9,1,8,0,0,0,1,0,0,0,"NI","I",33,7,5.08288344492502
"235","59","13/05/2022","4","15","yes","yes","yes","no",0,0,0,0,0,0,1,3,0,5,0,0,0,0,0,0,0,"NI","I",9,3,2.55202792428089
"236","60","01/06/2022","4","12","yes","yes","no","yes",10,0,7,0,0,0,1,4,0,7,0,0,0,0,0,0,0,"I","NI",29,5,4.23203538350436
"237","60","27/05/2022","4","12","yes","yes","no","yes",12,0,3,0,0,1,10,2,0,18,0,0,0,0,0,0,0,"I","NI",46,6,4.25052457723675
"238","60","18/05/2022","4","12","yes","yes","no","yes",0,0,0,0,0,0,16,4,0,14,0,1,0,1,0,0,0,"I","NI",36,5,3.22497276324957
"239","60","13/05/2022","4","12","yes","yes","no","yes",0,0,0,0,0,0,0,1,0,1,0,0,0,1,0,0,0,"I","NI",3,3,3
"240","61","01/06/2022","4","8","yes","no","no","yes",6,0,6,0,1,0,4,4,0,5,0,0,0,0,0,0,0,"I","N",26,6,5.44703392826452
"241","61","13/05/2022","4","8","yes","no","no","yes",2,0,0,0,0,0,0,0,0,2,0,0,0,3,0,0,0,"I","N",7,3,2.94171342108318
"242","61","27/05/2022","4","8","yes","no","no","yes",0,0,2,0,0,0,1,25,0,0,0,0,0,0,0,0,0,"I","N",28,3,1.50485677126045
"243","61","18/05/2022","4","8","yes","no","no","yes",0,0,0,0,0,0,0,4,0,0,0,0,0,0,0,0,0,"I","N",4,1,1
"244","62","01/06/2022","4","4","yes","no","no","no",2,0,3,0,0,0,12,7,0,22,0,0,0,0,0,0,0,"I","C",46,5,3.68465907453671
"245","62","13/05/2022","4","4","yes","no","no","no",3,0,0,0,0,1,10,0,0,1,0,0,0,0,0,0,0,"I","C",15,4,2.59418140167992
"246","62","27/05/2022","4","4","yes","no","no","no",9,0,2,0,0,0,7,4,0,16,0,0,0,0,0,0,0,"I","C",38,5,4.09153744076772
"247","62","18/05/2022","4","4","yes","no","no","no",0,0,0,0,0,0,12,0,0,0,0,0,0,0,0,0,0,"I","C",12,1,1
"248","63","27/05/2022","4","16","yes","no","yes","no",4,0,0,0,0,0,5,23,0,6,0,0,0,0,0,0,0,"NI","C",38,4,3.00171493565111
"249","63","01/06/2022","4","16","yes","no","yes","no",0,0,1,0,0,0,0,24,0,18,0,0,0,0,0,0,0,"NI","C",43,3,2.17598093516642
"250","63","18/05/2022","4","16","yes","no","yes","no",0,0,1,0,0,0,4,17,0,0,0,0,0,0,0,0,0,"NI","C",22,3,1.91494272342682
"251","63","13/05/2022","4","16","yes","no","yes","no",0,0,0,0,0,0,2,1,0,0,0,0,0,0,0,0,0,"NI","C",3,2,1.88988157484231
"252","64","01/06/2022","4","6","no","yes","no","no",1,0,0,0,0,0,4,6,0,24,0,0,0,0,0,0,0,"C","I",35,4,2.48561158970845
"253","64","13/05/2022","4","6","no","yes","no","no",0,0,0,2,2,0,0,11,0,6,0,0,0,0,0,0,0,"C","I",21,4,3.14094197012954
"254","64","27/05/2022","4","6","no","yes","no","no",0,0,0,0,1,0,0,5,0,12,0,0,0,0,0,0,0,"C","I",18,3,2.19613992099354
"255","64","18/05/2022","4","6","no","yes","no","no",0,0,0,0,0,1,1,14,0,3,0,0,0,0,0,0,0,"C","I",19,4,2.28508979757021
"256","65","01/06/2022","5","1","no","no","no","no",0,0,0,0,0,0,65,21,0,3,0,9,0,0,0,0,0,"C","C",98,4,2.53052462778302
"257","65","13/05/2022","5","1","no","no","no","no",0,0,0,0,0,0,1,9,0,0,0,0,0,0,0,0,0,"C","C",10,2,1.38414548846169
"258","65","18/05/2022","5","1","no","no","no","no",0,0,0,0,0,0,1,13,0,0,0,0,0,0,0,0,0,"C","C",14,2,1.29345720901131
"259","65","27/05/2022","5","1","no","no","no","no",0,0,0,0,0,0,7,37,0,3,0,0,0,0,0,0,0,"C","C",47,3,1.91089076450768
"260","66","01/06/2022","5","3","no","no","yes","yes",3,0,2,0,0,1,1,57,0,4,0,0,0,0,1,0,0,"N","N",69,7,2.10849141563952
"261","66","27/05/2022","5","3","no","no","yes","yes",3,0,0,0,0,0,6,20,0,8,0,0,0,0,0,0,0,"N","N",37,4,3.19747656902391
"262","66","13/05/2022","5","3","no","no","yes","yes",0,0,0,0,0,1,0,10,0,0,0,0,0,0,0,0,0,"N","N",11,2,1.35613141338627
"263","66","18/05/2022","5","3","no","no","yes","yes",0,0,0,0,0,0,2,17,0,12,0,0,0,0,0,0,0,"N","N",31,3,2.39568940915852
"264","67","01/06/2022","5","10","yes","yes","yes","yes",1,0,5,0,0,0,2,27,0,19,0,1,0,0,0,0,0,"NI","NI",55,6,3.322405892422
"265","67","18/05/2022","5","10","yes","yes","yes","yes",0,0,0,0,0,0,1,28,0,10,0,0,0,0,0,0,0,"NI","NI",39,3,1.9754638983362
"266","67","27/05/2022","5","10","yes","yes","yes","yes",0,0,0,0,0,0,4,7,1,3,0,0,0,0,0,0,0,"NI","NI",15,4,3.35535589631938
"267","67","13/05/2022","5","10","yes","yes","yes","yes",0,0,0,0,0,0,0,0,0,5,0,0,0,1,0,0,0,"NI","NI",6,2,1.5691925832142
"268","68","01/06/2022","5","5","no","no","yes","no",2,0,1,0,0,0,2,3,0,2,0,0,0,0,0,0,0,"N","C",10,5,4.74510280626355
"269","68","13/05/2022","5","5","no","no","yes","no",1,0,0,0,0,1,0,28,0,12,0,0,1,0,0,0,0,"N","C",43,5,2.45451750625709
"270","68","27/05/2022","5","5","no","no","yes","no",5,0,2,0,0,0,1,9,0,5,0,0,0,0,0,0,0,"N","C",22,5,4.04548638186763
"271","68","18/05/2022","5","5","no","no","yes","no",0,0,0,0,0,0,1,24,0,9,0,1,0,0,0,0,0,"N","C",35,4,2.25040577331087
"272","69","01/06/2022","5","12","yes","yes","no","yes",4,0,2,0,0,1,1,5,0,14,0,0,0,0,0,0,0,"I","NI",27,6,3.94587817198377
"273","69","27/05/2022","5","12","yes","yes","no","yes",0,0,1,0,0,0,3,1,0,10,0,0,0,0,0,0,0,"I","NI",15,4,2.59418140167992
"274","69","13/05/2022","5","12","yes","yes","no","yes",0,0,0,0,0,2,1,3,0,0,0,1,0,1,0,0,0,"I","NI",8,5,4.45565973351251
"275","69","18/05/2022","5","12","yes","yes","no","yes",0,0,0,0,0,1,0,18,0,4,0,0,0,0,0,0,0,"I","NI",23,3,1.88206480189468
"276","70","01/06/2022","5","16","yes","no","yes","no",9,0,10,1,1,0,16,135,0,3,0,0,0,0,0,0,0,"NI","C",175,7,2.37218926063216
"277","70","13/05/2022","5","16","yes","no","yes","no",1,0,1,0,0,0,9,1,0,0,0,0,0,0,0,0,0,"NI","C",12,4,2.3094010767585
"278","70","27/05/2022","5","16","yes","no","yes","no",0,0,2,0,0,0,13,19,0,4,0,0,0,0,0,0,0,"NI","C",38,4,3.02066450648704
"279","70","18/05/2022","5","16","yes","no","yes","no",0,0,0,0,0,0,15,11,0,0,0,0,0,0,0,4,0,"NI","C",30,3,2.67274161120649
"280","71","13/05/2022","5","4","yes","no","no","no",0,0,0,0,0,2,0,2,0,0,1,0,0,1,0,0,0,"I","C",6,4,3.77976314968462
"281","71","01/06/2022","5","4","yes","no","no","no",0,0,0,0,0,0,1,18,0,1,0,0,0,0,0,0,0,"I","C",20,3,1.48349040282257
"282","71","18/05/2022","5","4","yes","no","no","no",0,0,0,0,0,0,0,9,0,0,0,0,0,0,0,0,0,"I","C",9,1,1
"283","71","27/05/2022","5","4","yes","no","no","no",0,0,0,0,0,0,0,27,0,0,0,0,0,0,0,0,0,"I","C",27,1,1
"284","72","01/06/2022","5","14","yes","no","yes","yes",4,0,4,0,0,0,1,34,0,10,0,0,0,1,0,0,0,"NI","N",54,6,3.11709471299747
"285","72","27/05/2022","5","14","yes","no","yes","yes",0,0,1,0,0,0,1,25,0,4,0,0,0,0,0,0,0,"NI","N",31,4,1.93332808075088
"286","72","13/05/2022","5","14","yes","no","yes","yes",0,0,0,0,0,0,1,2,0,2,0,1,0,1,0,0,0,"NI","N",7,5,4.71065067421325
"287","72","18/05/2022","5","14","yes","no","yes","yes",0,0,0,0,0,0,2,6,0,3,0,0,0,0,0,0,0,"NI","N",11,3,2.70451779632421
"288","73","01/06/2022","5","7","no","no","no","yes",10,0,8,0,0,0,39,31,0,5,0,0,0,0,0,0,0,"C","N",93,5,3.81373636459992
"289","73","13/05/2022","5","7","no","no","no","yes",1,0,0,0,2,0,0,14,0,9,0,0,0,0,0,0,0,"C","N",26,4,2.78199672427895
"290","73","18/05/2022","5","7","no","no","no","yes",1,0,0,0,0,0,7,29,0,5,0,0,0,0,0,0,0,"C","N",42,4,2.45153390355439
"291","73","27/05/2022","5","7","no","no","no","yes",49,0,38,6,1,0,31,65,0,11,0,0,0,0,0,1,0,"C","N",202,8,5.08285643318902
"292","74","01/06/2022","5","13","no","yes","no","yes",7,0,3,0,0,0,24,6,0,17,0,0,0,0,0,0,0,"C","NI",57,5,3.95322026858478
"293","74","13/05/2022","5","13","no","yes","no","yes",0,0,0,0,1,0,1,10,0,2,0,0,0,0,0,0,0,"C","NI",14,4,2.4481500702262
"294","74","18/05/2022","5","13","no","yes","no","yes",0,0,0,0,0,0,2,17,0,1,0,0,0,0,0,0,0,"C","NI",20,3,1.67897957501336
"295","74","27/05/2022","5","13","no","yes","no","yes",0,0,0,0,0,0,5,1,0,2,0,0,0,0,0,0,0,"C","NI",8,3,2.4602329762891
"296","75","01/06/2022","5","11","no","yes","yes","yes",4,0,0,0,0,1,0,8,0,8,0,0,0,0,0,0,0,"N","NI",21,4,3.30729275597404
"297","75","18/05/2022","5","11","no","yes","yes","yes",1,0,0,0,0,0,0,30,1,11,0,0,0,0,0,0,0,"N","NI",43,4,2.17028097361092
"298","75","27/05/2022","5","11","no","yes","yes","yes",0,0,0,0,0,0,4,9,0,10,0,0,0,0,0,0,0,"N","NI",23,3,2.81086442527627
"299","75","13/05/2022","5","11","no","yes","yes","yes",0,0,0,0,0,0,0,26,0,9,0,0,0,0,0,0,0,"N","NI",35,2,1.76835046344423
"300","76","01/06/2022","5","6","no","yes","no","no",1,0,3,0,0,0,7,10,0,14,0,0,0,0,0,0,0,"C","I",35,5,3.89033346299372
"301","76","18/05/2022","5","6","no","yes","no","no",0,0,0,1,0,0,2,23,0,7,0,0,0,0,0,0,0,"C","I",33,4,2.35463415783572
"302","76","27/05/2022","5","6","no","yes","no","no",0,0,0,0,0,0,1,1,0,17,0,0,0,0,0,0,0,"C","I",19,3,1.50600224291366
"303","76","13/05/2022","5","6","no","yes","no","no",0,0,0,0,0,0,0,7,0,0,0,0,0,0,0,0,0,"C","I",7,1,1
"304","77","01/06/2022","5","2","yes","yes","no","no",16,0,3,0,0,0,1,3,0,8,0,1,0,0,0,1,0,"I","I",33,7,4.2561601949614
"305","77","13/05/2022","5","2","yes","yes","no","no",1,0,0,0,0,0,2,2,1,3,0,0,0,1,0,0,0,"I","I",10,6,5.45069178784675
"306","77","27/05/2022","5","2","yes","yes","no","no",1,0,2,0,1,0,11,7,0,16,0,0,0,0,0,1,0,"I","I",39,7,4.32731812934617
"307","77","18/05/2022","5","2","yes","yes","no","no",0,0,1,0,0,0,21,22,0,10,0,0,0,0,0,1,0,"I","I",55,5,3.28645786208702
"308","78","01/06/2022","5","9","no","yes","yes","no",26,0,2,3,0,0,5,16,0,6,0,0,5,0,0,0,0,"N","I",63,7,4.92312899230313
"309","78","27/05/2022","5","9","no","yes","yes","no",3,0,0,0,1,0,0,4,0,3,0,0,0,0,0,0,0,"N","I",11,4,3.6493357540631
"310","78","18/05/2022","5","9","no","yes","yes","no",0,0,1,0,0,0,0,33,0,2,0,0,0,0,0,0,0,"N","I",36,3,1.40477736395913
"311","78","13/05/2022","5","9","no","yes","yes","no",0,0,0,0,1,0,1,20,0,0,0,0,0,0,0,0,0,"N","I",22,3,1.44433567793667
"312","79","01/06/2022","5","8","yes","no","no","yes",1,0,1,0,0,0,0,17,0,3,0,0,0,0,0,0,0,"I","N",22,4,2.12109076108471
"313","79","13/05/2022","5","8","yes","no","no","yes",1,0,0,0,0,0,0,2,0,1,0,0,0,0,0,0,0,"I","N",4,3,2.82842712474619
"314","79","27/05/2022","5","8","yes","no","no","yes",0,0,0,0,0,1,2,32,0,1,0,0,0,0,0,0,0,"I","N",36,4,1.59099025766973
"315","79","18/05/2022","5","8","yes","no","no","yes",0,0,0,0,0,0,2,9,0,2,0,0,0,0,0,0,0,"I","N",13,3,2.29450658622141
"316","80","01/06/2022","5","15","yes","yes","yes","no",11,0,0,0,0,0,15,37,0,40,0,0,0,1,0,0,0,"NI","I",104,5,3.65731736709103
"317","80","13/05/2022","5","15","yes","yes","yes","no",1,0,0,0,0,0,0,3,0,9,0,0,0,0,0,0,0,"NI","I",13,3,2.20398694527043
"318","80","27/05/2022","5","15","yes","yes","yes","no",15,0,36,1,0,0,20,24,0,19,0,0,0,0,0,0,0,"NI","I",115,6,4.94904928887307
"319","80","18/05/2022","5","15","yes","yes","yes","no",0,0,0,0,0,0,0,16,0,7,0,0,0,0,0,0,0,"NI","I",23,2,1.84873814080198
"320","81","01/06/2022","6","16","yes","no","yes","no",3,0,0,0,0,0,0,8,0,10,0,0,0,0,0,0,0,"NI","C",21,3,2.71540340678739
"321","81","13/05/2022","6","16","yes","no","yes","no",1,0,0,0,1,0,2,7,0,0,0,0,0,0,0,0,0,"NI","C",11,4,2.81106117444154
"322","81","27/05/2022","6","16","yes","no","yes","no",7,0,3,0,0,0,0,44,0,5,0,0,0,0,0,0,0,"NI","C",59,4,2.29860987820693
"323","81","18/05/2022","6","16","yes","no","yes","no",0,0,0,0,0,0,2,16,0,0,0,0,0,0,0,0,0,"NI","C",18,2,1.41741118113173
"324","82","01/06/2022","6","6","no","yes","no","no",13,0,5,1,0,0,11,35,0,14,0,0,0,0,0,0,0,"C","I",79,6,4.34395410452426
"325","82","18/05/2022","6","6","no","yes","no","no",3,0,0,0,0,0,17,21,0,3,0,0,0,1,0,0,0,"C","I",45,5,3.21902549545782
"326","82","27/05/2022","6","6","no","yes","no","no",4,0,2,0,0,0,0,9,0,5,0,0,0,0,0,0,0,"C","I",20,4,3.51854708818852
"327","82","13/05/2022","6","6","no","yes","no","no",0,0,0,0,0,0,1,7,0,0,0,0,0,0,0,0,0,"C","I",8,2,1.45756926498109
"328","83","01/06/2022","6","9","no","yes","yes","no",8,0,0,0,0,0,11,4,0,12,0,0,0,0,0,0,0,"N","I",35,4,3.7285569182148
"329","83","13/05/2022","6","9","no","yes","yes","no",0,0,0,0,1,1,0,7,0,13,0,0,0,0,0,0,0,"N","I",22,4,2.60188798885492
"330","83","27/05/2022","6","9","no","yes","yes","no",0,0,0,0,0,0,1,3,0,10,0,0,0,0,0,0,0,"N","I",14,3,2.1360039551582
"331","83","18/05/2022","6","9","no","yes","yes","no",0,0,0,0,0,0,0,12,0,4,0,0,0,1,0,0,0,"N","I",17,3,2.12330679576051
"332","84","01/06/2022","6","7","no","no","no","yes",0,0,0,1,0,0,3,9,0,5,0,0,0,0,0,0,0,"C","N",18,4,3.19501356759616
"333","84","13/05/2022","6","7","no","no","no","yes",0,0,0,0,1,0,1,18,0,1,0,0,0,0,0,0,0,"C","N",21,4,1.76307762226097
"334","84","18/05/2022","6","7","no","no","no","yes",0,0,0,0,0,0,2,9,0,1,0,0,0,0,0,0,0,"C","N",12,3,2.05744245895607
"335","84","27/05/2022","6","7","no","no","no","yes",0,0,0,0,0,0,2,15,0,2,0,0,0,0,0,0,0,"C","N",19,3,1.93591268604133
"336","85","13/05/2022","6","13","no","yes","no","yes",0,0,0,0,1,0,0,8,0,1,0,0,0,0,0,0,0,"C","NI",10,3,1.894645708138
"337","85","18/05/2022","6","13","no","yes","no","yes",0,0,0,0,0,1,0,9,0,0,0,0,0,0,0,0,0,"C","NI",10,2,1.38414548846169
"338","85","01/06/2022","6","13","no","yes","no","yes",0,0,0,0,0,0,1,2,0,4,0,0,0,0,0,0,0,"C","NI",7,3,2.60049000598966
"339","85","27/05/2022","6","13","no","yes","no","yes",0,0,0,0,0,0,0,4,0,0,0,0,0,0,0,0,0,"C","NI",4,1,1
"340","86","01/06/2022","6","8","yes","no","no","yes",5,0,0,0,0,0,0,29,0,1,0,0,0,0,0,0,0,"I","N",35,3,1.70810273599702
"341","86","13/05/2022","6","8","yes","no","no","yes",1,0,0,0,0,0,0,4,0,0,0,0,0,0,0,0,0,"I","N",5,2,1.64938488846612
"342","86","27/05/2022","6","8","yes","no","no","yes",1,0,0,0,0,0,0,44,0,2,0,0,0,0,0,0,0,"I","N",47,3,1.32049459853002
"343","86","18/05/2022","6","8","yes","no","no","yes",0,0,0,0,0,0,0,14,0,0,0,0,0,0,0,0,0,"I","N",14,1,1
"344","87","01/06/2022","6","12","yes","yes","no","yes",5,0,3,0,0,0,0,5,0,1,0,97,0,0,0,17,0,"I","NI",128,6,2.3572245547476
"345","87","13/05/2022","6","12","yes","yes","no","yes",1,0,0,0,0,0,1,1,0,10,0,0,0,0,0,1,0,"I","NI",14,5,2.70297682043655
"346","87","27/05/2022","6","12","yes","yes","no","yes",0,0,1,0,0,0,0,2,0,24,0,9,0,0,0,1,0,"I","NI",37,5,2.65793669377215
"347","87","18/05/2022","6","12","yes","yes","no","yes",0,0,0,0,0,0,1,0,0,9,0,1,0,0,0,0,0,"I","NI",11,3,1.82242143054562
"348","88","01/06/2022","6","4","yes","no","no","no",12,0,0,0,0,1,4,110,0,8,0,2,0,0,0,0,0,"I","C",137,6,2.13015472513421
"349","88","18/05/2022","6","4","yes","no","no","no",1,0,0,0,0,0,0,22,0,9,0,0,0,0,0,0,0,"I","C",32,3,2.05993577213477
"350","88","27/05/2022","6","4","yes","no","no","no",2,0,3,0,0,1,2,49,0,9,0,0,0,0,0,0,0,"I","C",66,6,2.48110898111601
"351","88","13/05/2022","6","4","yes","no","no","no",0,0,1,0,0,0,0,4,0,10,0,0,0,1,0,0,0,"I","C",16,4,2.68290308480133
"352","89","27/05/2022","6","15","yes","yes","yes","no",2,0,0,0,0,0,0,3,0,12,0,0,0,1,0,0,0,"NI","I",18,4,2.64758769910591
"353","89","01/06/2022","6","15","yes","yes","yes","no",0,0,0,0,0,1,1,7,0,13,0,1,0,0,0,0,0,"NI","I",23,5,2.98472229092765
"354","89","18/05/2022","6","15","yes","yes","yes","no",0,0,0,0,0,1,0,4,0,20,0,0,0,0,0,0,0,"NI","I",25,3,1.82299892907769
"355","89","13/05/2022","6","15","yes","yes","yes","no",0,0,0,0,0,0,0,4,0,1,1,0,0,0,0,0,0,"NI","I",6,3,2.3811015779523
"356","90","01/06/2022","6","2","yes","yes","no","no",3,0,3,0,0,0,2,6,0,16,0,0,0,0,0,0,0,"I","I",30,5,3.6626950644794
"357","90","27/05/2022","6","2","yes","yes","no","no",3,0,0,0,0,0,1,7,0,19,0,0,0,0,0,0,0,"I","I",30,4,2.64449229487207
"358","90","18/05/2022","6","2","yes","yes","no","no",0,0,0,0,0,0,0,25,0,6,0,0,0,0,1,0,0,"I","I",32,3,1.84971997753899
"359","90","13/05/2022","6","2","yes","yes","no","no",0,0,0,0,0,0,0,2,0,3,0,0,0,1,0,0,0,"I","I",6,3,2.7494592739972
"360","91","01/06/2022","6","5","no","no","yes","no",1,0,1,0,0,0,5,0,0,14,0,0,0,0,0,0,0,"N","C",21,4,2.4644074216203
"361","91","18/05/2022","6","5","no","no","yes","no",1,0,1,0,1,0,51,15,0,0,0,0,0,0,0,0,0,"N","C",69,5,2.09440174581261
"362","91","27/05/2022","6","5","no","no","yes","no",2,0,1,0,0,0,5,10,0,5,0,0,0,0,0,0,0,"N","C",23,5,3.95247110881447
"363","91","13/05/2022","6","5","no","no","yes","no",0,0,1,0,1,0,0,16,0,0,0,0,0,1,0,0,0,"N","C",19,4,1.83974582519165
"364","92","01/06/2022","6","11","no","yes","yes","yes",3,0,1,0,0,0,26,11,0,13,0,0,0,0,0,0,0,"N","NI",54,5,3.50184133598282
"365","92","13/05/2022","6","11","no","yes","yes","yes",0,0,0,0,1,0,0,16,0,1,0,0,0,0,0,0,0,"N","NI",18,3,1.53088875019617
"366","92","18/05/2022","6","11","no","yes","yes","yes",0,0,0,0,0,1,3,27,0,0,0,0,0,0,0,0,0,"N","NI",31,3,1.57949044720566
"367","92","27/05/2022","6","11","no","yes","yes","yes",0,0,0,0,0,0,2,4,0,10,0,0,0,0,0,0,0,"N","NI",16,3,2.4602329762891
"368","93","01/06/2022","6","10","yes","yes","yes","yes",3,0,2,0,0,0,5,48,0,1,0,0,0,0,0,0,0,"NI","NI",59,5,2.03874530933688
"369","93","13/05/2022","6","10","yes","yes","yes","yes",1,0,0,0,0,0,0,3,0,16,0,0,0,0,0,0,0,"NI","NI",20,3,1.8457200132751
"370","93","18/05/2022","6","10","yes","yes","yes","yes",1,0,4,0,0,0,35,25,0,23,0,0,0,0,0,0,0,"NI","NI",88,5,3.54772664592143
"371","93","27/05/2022","6","10","yes","yes","yes","yes",8,0,3,0,0,0,5,26,0,8,0,0,0,0,0,0,0,"NI","NI",50,5,3.76418354476642
"372","94","01/06/2022","6","1","no","no","no","no",9,0,0,0,4,0,2,10,0,19,0,0,0,0,0,0,0,"C","C",44,5,3.98463933922642
"373","94","27/05/2022","6","1","no","no","no","no",1,0,0,0,1,0,0,13,0,10,0,0,0,0,0,0,0,"C","C",25,4,2.62234281337809
"374","94","13/05/2022","6","1","no","no","no","no",0,0,0,0,1,0,0,6,0,0,0,0,0,0,0,0,0,"C","C",7,2,1.50699306577254
"375","94","18/05/2022","6","1","no","no","no","no",0,0,0,0,0,0,5,7,0,5,0,0,0,0,0,0,0,"C","C",17,3,2.96011476656409
"376","95","01/06/2022","6","3","no","no","yes","yes",7,0,6,0,2,0,5,23,0,18,0,0,0,0,0,0,0,"N","N",61,6,4.57933905896643
"377","95","18/05/2022","6","3","no","no","yes","yes",2,0,0,0,1,0,1,15,0,0,0,0,0,0,0,0,0,"N","N",19,4,2.08244305211888
"378","95","27/05/2022","6","3","no","no","yes","yes",7,0,9,0,1,0,1,10,0,15,0,0,0,3,0,1,0,"N","N",47,8,5.55822500379728
"379","95","13/05/2022","6","3","no","no","yes","yes",0,0,0,0,3,0,2,16,0,0,0,1,0,0,0,0,0,"N","N",22,4,2.36739488288052
"380","96","13/05/2022","6","14","yes","no","yes","yes",1,0,0,0,1,0,0,1,0,8,0,0,0,1,0,0,0,"NI","N",12,5,3
"381","96","27/05/2022","6","14","yes","no","yes","yes",7,0,4,0,0,0,2,55,0,19,0,0,0,1,0,0,0,"NI","N",88,6,3.01460074373102
"382","96","01/06/2022","6","14","yes","no","yes","yes",0,0,1,0,0,1,8,9,0,15,0,0,0,0,0,0,0,"NI","N",34,5,3.52800960800611
"383","96","18/05/2022","6","14","yes","no","yes","yes",0,0,2,0,0,1,0,19,0,8,0,0,0,0,0,0,0,"NI","N",30,4,2.54889127806497
"384","97","01/06/2022","7","4","yes","no","no","no",4,0,4,0,0,0,5,46,0,12,0,0,0,0,0,0,0,"I","C",71,5,2.98209044511779
"385","97","27/05/2022","7","4","yes","no","no","no",6,0,0,0,0,0,7,69,0,2,0,1,0,0,0,0,0,"I","C",85,5,2.01882392526009
"386","97","13/05/2022","7","4","yes","no","no","no",0,0,0,0,0,0,1,3,0,0,0,0,0,1,0,0,0,"I","C",5,3,2.58640928985893
"387","97","18/05/2022","7","4","yes","no","no","no",0,0,0,0,0,0,2,18,0,1,0,0,0,0,0,0,0,"I","C",21,3,1.65044824352141
"388","98","01/06/2022","7","5","no","no","yes","no",13,0,3,0,0,0,3,15,0,20,0,4,0,1,0,0,0,"N","C",59,7,4.96632417601636
"389","98","18/05/2022","7","5","no","no","yes","no",1,0,0,0,0,0,4,17,0,16,0,0,0,0,1,0,0,"N","C",39,5,3.1547677524996
"390","98","27/05/2022","7","5","no","no","yes","no",4,0,1,0,0,0,3,34,0,12,0,0,0,1,0,0,0,"N","C",55,6,3.0786588349723
"391","98","13/05/2022","7","5","no","no","yes","no",0,0,0,0,1,0,5,9,0,3,0,0,0,0,0,0,0,"N","C",18,4,3.19501356759616
"392","99","01/06/2022","7","1","no","no","no","no",2,0,0,0,0,0,6,20,0,1,0,0,0,2,0,0,0,"C","C",31,5,2.90091499923468
"393","99","27/05/2022","7","1","no","no","no","no",3,0,1,3,1,0,8,38,0,0,0,0,0,0,0,0,0,"C","C",54,6,2.71574888500922
"394","99","13/05/2022","7","1","no","no","no","no",0,0,0,1,11,0,1,10,0,0,0,0,0,0,0,0,0,"C","C",23,4,2.68465112355869
"395","99","18/05/2022","7","1","no","no","no","no",0,0,0,1,0,0,8,32,0,0,0,0,0,0,0,0,0,"C","C",41,3,1.8273425785106
"396","100","01/06/2022","7","6","no","yes","no","no",7,0,4,2,0,0,95,3,0,0,0,6,0,0,0,0,0,"C","I",117,6,2.15730901058114
"397","100","27/05/2022","7","6","no","yes","no","no",11,0,2,1,0,0,103,15,0,3,0,8,0,0,0,1,0,"C","I",144,8,2.83316425917523
"398","100","13/05/2022","7","6","no","yes","no","no",0,0,0,2,1,0,21,53,0,0,0,5,0,0,0,0,0,"C","I",82,5,2.57491803919373
"399","100","18/05/2022","7","6","no","yes","no","no",0,0,0,1,0,0,36,79,0,0,0,7,0,0,0,1,0,"C","I",124,5,2.42612225112988
"400","101","01/06/2022","7","8","yes","no","no","yes",1,0,2,0,0,0,1,14,0,25,0,0,0,0,0,0,0,"I","N",43,5,2.71364652367744
"401","101","18/05/2022","7","8","yes","no","no","yes",1,0,0,0,0,0,0,11,0,4,0,0,0,0,0,0,0,"I","N",16,3,2.17594299589457
"402","101","27/05/2022","7","8","yes","no","no","yes",0,0,6,0,0,0,3,31,0,16,0,1,0,0,0,0,0,"I","N",57,5,3.16054889626849
"403","101","13/05/2022","7","8","yes","no","no","yes",0,0,0,0,0,0,0,3,0,0,0,0,0,1,0,0,0,"I","N",4,2,1.75476535060332
"404","102","01/06/2022","7","2","yes","yes","no","no",5,0,3,1,0,0,7,77,0,3,0,0,0,0,0,0,0,"I","I",96,6,2.19433012636596
"405","102","27/05/2022","7","2","yes","yes","no","no",3,0,2,0,0,0,1,22,1,10,0,0,0,1,0,1,0,"I","I",41,8,3.97156203949877
"406","102","13/05/2022","7","2","yes","yes","no","no",0,0,2,0,1,0,5,2,0,19,0,0,0,0,0,0,0,"I","I",29,5,2.90108508377602
"407","102","18/05/2022","7","2","yes","yes","no","no",0,0,1,0,0,0,5,44,0,9,0,1,0,0,0,0,0,"I","I",60,5,2.35271187310586
"408","103","01/06/2022","7","10","yes","yes","yes","yes",8,0,3,0,0,2,26,15,0,6,0,0,0,0,0,0,0,"NI","NI",60,6,4.35367292409951
"409","103","27/05/2022","7","10","yes","yes","yes","yes",3,0,0,0,0,0,21,9,0,13,0,2,0,0,0,0,1,"NI","NI",49,6,4.08533053637356
"410","103","13/05/2022","7","10","yes","yes","yes","yes",0,0,0,0,0,0,6,6,0,0,0,0,0,0,0,0,0,"NI","NI",12,2,2
"411","103","18/05/2022","7","10","yes","yes","yes","yes",0,0,0,0,0,0,8,15,0,1,0,0,0,0,0,0,0,"NI","NI",24,3,2.20863631734251
"412","104","01/06/2022","7","9","no","yes","yes","no",5,0,2,2,0,2,5,19,0,4,0,0,0,0,0,0,0,"N","I",39,7,4.79509212852735
"413","104","13/05/2022","7","9","no","yes","yes","no",1,0,0,0,0,0,3,11,0,0,0,0,0,0,0,0,0,"N","I",15,3,2.07481337521643
"414","104","27/05/2022","7","9","no","yes","yes","no",8,1,12,1,2,0,1,23,0,4,0,0,0,0,0,0,0,"N","I",52,8,4.65405505084519
"415","104","18/05/2022","7","9","no","yes","yes","no",0,0,1,0,0,0,3,61,0,0,0,0,0,1,0,0,0,"N","I",66,4,1.40533230921801
"416","105","01/06/2022","7","14","yes","no","yes","yes",17,0,10,2,0,1,17,24,0,2,0,0,0,1,0,0,0,"NI","N",74,8,5.06812383855242
"417","105","13/05/2022","7","14","yes","no","yes","yes",1,0,0,0,0,0,0,1,0,0,0,0,0,0,0,0,0,"NI","N",2,2,2
"418","105","18/05/2022","7","14","yes","no","yes","yes",2,0,1,0,0,0,2,42,0,0,0,0,0,0,0,0,0,"NI","N",47,4,1.57005580214215
"419","105","27/05/2022","7","14","yes","no","yes","yes",4,0,7,0,0,0,10,70,0,0,0,0,0,1,0,0,0,"NI","N",92,5,2.29475208165047
"420","106","01/06/2022","7","15","yes","yes","yes","no",3,0,1,0,0,0,2,54,0,6,0,3,0,0,0,0,0,"NI","I",69,6,2.31837151429418
"421","106","27/05/2022","7","15","yes","yes","yes","no",12,0,5,0,0,0,3,29,0,0,0,1,0,0,0,0,0,"NI","I",50,5,3.11351807140736
"422","106","18/05/2022","7","15","yes","yes","yes","no",0,0,0,0,0,0,2,82,0,0,0,0,0,0,0,0,0,"NI","I",84,2,1.11909008848607
"423","106","13/05/2022","7","15","yes","yes","yes","no",0,0,0,0,0,0,0,3,0,1,0,0,0,0,0,0,0,"NI","I",4,2,1.75476535060332
"424","107","01/06/2022","7","16","yes","no","yes","no",8,0,3,0,0,2,1,61,0,8,0,0,0,0,0,0,0,"NI","C",83,6,2.56082261337204
"425","107","27/05/2022","7","16","yes","no","yes","no",2,0,5,0,1,0,2,86,0,4,0,0,0,0,0,0,0,"NI","C",100,6,1.84187109414493
"426","107","13/05/2022","7","16","yes","no","yes","no",0,0,0,0,1,0,0,4,0,1,0,0,0,0,0,0,0,"NI","C",6,3,2.3811015779523
"427","107","18/05/2022","7","16","yes","no","yes","no",0,0,0,0,0,0,12,26,0,8,0,0,0,1,0,0,0,"NI","C",47,4,2.88465289171618
"428","108","01/06/2022","7","12","yes","yes","no","yes",12,0,3,0,0,3,15,29,0,1,0,0,0,0,0,0,0,"I","NI",63,6,3.93688779044244
"429","108","18/05/2022","7","12","yes","yes","no","yes",1,0,3,1,1,6,30,31,0,21,0,4,0,0,0,0,0,"I","NI",98,9,4.97891348666797
"430","108","13/05/2022","7","12","yes","yes","no","yes",0,0,4,1,0,4,15,7,0,24,0,0,0,0,0,0,0,"I","NI",55,6,4.18992488114842
"431","108","27/05/2022","7","12","yes","yes","no","yes",0,0,1,0,0,1,11,31,0,4,0,0,0,0,0,0,0,"I","NI",48,5,2.68686587261123
"432","109","01/06/2022","7","11","no","yes","yes","yes",1,0,0,0,0,0,40,5,0,4,0,0,0,0,0,0,0,"N","NI",50,4,1.99186642661902
"433","109","27/05/2022","7","11","no","yes","yes","yes",11,0,0,2,0,1,217,10,0,1,0,1,0,0,0,0,0,"N","NI",243,7,1.61572337124675
"434","109","13/05/2022","7","11","no","yes","yes","yes",0,0,0,0,1,0,0,5,0,0,0,0,0,0,0,0,0,"N","NI",6,2,1.5691925832142
"435","109","18/05/2022","7","11","no","yes","yes","yes",0,0,0,0,1,0,9,10,0,1,0,0,0,0,0,0,0,"N","NI",21,4,2.73569541823889
"436","110","01/06/2022","7","7","no","no","no","yes",1,0,1,0,0,0,26,12,0,14,0,0,0,0,0,0,0,"C","N",54,5,3.26699098263387
"437","110","13/05/2022","7","7","no","no","no","yes",1,0,0,0,2,0,0,8,0,0,0,2,0,0,0,0,0,"C","N",13,4,2.92126566288551
"438","110","18/05/2022","7","7","no","no","no","yes",1,0,1,0,0,1,12,31,0,0,0,0,0,0,0,0,0,"C","N",46,5,2.37784855629123
"439","110","27/05/2022","7","7","no","no","no","yes",2,0,0,0,0,0,3,9,0,7,0,0,0,0,0,0,0,"C","N",21,4,3.42554100021429
"440","111","01/06/2022","7","3","no","no","yes","yes",12,0,2,0,0,0,13,19,0,9,0,0,0,0,0,0,0,"N","N",55,5,4.29301788808534
"441","111","27/05/2022","7","3","no","no","yes","yes",5,0,0,1,0,0,19,37,0,14,0,0,0,0,0,1,0,"N","N",77,6,3.66123888591904
"442","111","18/05/2022","7","3","no","no","yes","yes",0,0,0,0,0,0,8,55,0,3,0,0,0,0,0,1,0,"N","N",67,4,1.85448611093986
"443","111","13/05/2022","7","3","no","no","yes","yes",0,0,0,0,0,0,1,18,1,1,0,0,0,0,0,0,0,"N","N",21,4,1.76307762226097
"444","112","01/06/2022","7","13","no","yes","no","yes",3,0,1,0,0,0,4,9,0,11,0,0,0,0,0,0,0,"C","NI",28,5,3.92816720222176
"445","112","18/05/2022","7","13","no","yes","no","yes",1,0,0,0,0,0,2,42,0,2,0,0,0,0,0,0,0,"C","NI",47,4,1.57005580214215
"446","112","27/05/2022","7","13","no","yes","no","yes",4,0,2,0,0,0,1,6,0,16,0,0,0,0,0,0,0,"C","NI",29,5,3.41393840563951
"447","112","13/05/2022","7","13","no","yes","no","yes",0,0,0,1,0,0,3,9,0,2,1,0,0,1,0,0,0,"C","NI",17,6,4.03318876202053
"448","113","01/06/2022","8","13","no","yes","no","yes",3,0,0,1,0,1,10,9,0,12,0,0,0,0,0,0,0,"C","NI",36,6,4.36995443899664
"449","113","13/05/2022","8","13","no","yes","no","yes",1,0,0,0,0,0,5,7,0,0,0,0,0,0,0,0,0,"C","NI",13,3,2.45502514409486
"450","113","27/05/2022","8","13","no","yes","no","yes",3,0,2,0,0,0,7,10,0,4,0,0,0,0,0,0,0,"C","NI",26,5,4.28546890194534
"451","113","18/05/2022","8","13","no","yes","no","yes",0,0,0,0,1,1,11,24,0,0,0,0,0,0,1,1,0,"C","NI",39,6,2.80528959523035
"452","114","01/06/2022","8","10","yes","yes","yes","yes",7,0,0,0,0,0,2,11,0,12,0,0,0,0,0,0,0,"NI","NI",32,4,3.45779072109398
"453","114","27/05/2022","8","10","yes","yes","yes","yes",5,0,6,0,0,0,2,13,0,7,0,1,1,0,0,0,0,"NI","NI",35,7,5.13861546195032
"454","114","13/05/2022","8","10","yes","yes","yes","yes",0,0,0,0,0,0,1,2,0,0,0,0,0,0,0,0,0,"NI","NI",3,2,1.88988157484231
"455","114","18/05/2022","8","10","yes","yes","yes","yes",0,0,0,0,0,0,4,15,0,2,0,0,0,0,0,0,0,"NI","NI",21,3,2.18175757606443
"456","115","01/06/2022","8","5","no","no","yes","no",8,0,1,1,0,0,8,38,0,11,0,0,1,0,4,0,0,"N","C",72,8,4.26895639876477
"457","115","27/05/2022","8","5","no","no","yes","no",1,0,1,0,0,0,21,79,0,14,0,0,0,0,0,0,0,"N","C",116,5,2.479792950795
"458","115","18/05/2022","8","5","no","no","yes","no",0,0,1,0,0,0,5,28,0,6,0,0,0,0,0,0,0,"N","C",40,4,2.42636108124578
"459","115","13/05/2022","8","5","no","no","yes","no",0,0,0,0,3,0,2,16,0,9,0,0,0,0,0,0,0,"N","C",30,4,3.02601018854836
"460","116","01/06/2022","8","16","yes","no","yes","no",5,0,2,3,0,2,5,263,0,18,0,5,0,0,0,0,0,"NI","C",303,8,1.83265999567532
"461","116","18/05/2022","8","16","yes","no","yes","no",1,0,2,0,0,0,20,50,0,7,0,1,0,1,0,0,0,"NI","C",82,7,3.02724404013264
"462","116","27/05/2022","8","16","yes","no","yes","no",1,0,1,0,0,0,7,44,0,9,0,1,0,0,1,1,0,"NI","C",65,8,3.00113733774917
"463","116","13/05/2022","8","16","yes","no","yes","no",0,0,0,0,0,0,12,5,0,0,0,0,0,0,0,1,0,"NI","C",18,3,2.19613992099354
"464","117","01/06/2022","8","15","yes","yes","yes","no",3,0,3,1,0,0,4,47,0,19,0,0,0,0,0,0,0,"NI","I",77,6,3.03297505904691
"465","117","18/05/2022","8","15","yes","yes","yes","no",1,0,0,0,0,0,0,28,0,0,0,0,0,0,0,0,0,"NI","I",29,2,1.16182834482
"466","117","27/05/2022","8","15","yes","yes","yes","no",0,0,1,0,1,0,2,17,0,5,0,0,0,0,0,0,0,"NI","I",26,5,2.83710618924069
"467","117","13/05/2022","8","15","yes","yes","yes","no",0,0,0,0,0,0,0,5,0,0,0,0,0,0,0,0,0,"NI","I",5,1,1
"468","118","01/06/2022","8","6","no","yes","no","no",8,0,0,0,0,1,22,26,0,8,0,0,0,0,0,0,0,"C","I",65,5,3.71763285758867
"469","118","18/05/2022","8","6","no","yes","no","no",1,0,0,0,1,0,5,11,0,0,0,0,0,0,0,0,0,"C","I",18,4,2.65893382990695
"470","118","27/05/2022","8","6","no","yes","no","no",1,0,2,0,0,0,6,12,0,5,0,0,0,0,0,0,0,"C","I",26,5,3.79964365232985
"471","118","13/05/2022","8","6","no","yes","no","no",0,0,0,0,0,1,0,11,0,0,0,0,0,1,0,0,0,"C","I",13,3,1.70908997365706
"472","119","01/06/2022","8","3","no","no","yes","yes",6,0,2,0,0,0,4,106,0,11,0,3,0,0,0,0,0,"N","N",132,6,2.17966497593146
"473","119","18/05/2022","8","3","no","no","yes","yes",1,0,0,0,0,1,9,126,0,31,0,0,0,0,0,0,0,"N","N",168,5,2.1072666662354
"474","119","27/05/2022","8","3","no","no","yes","yes",1,0,4,0,0,1,4,137,0,3,0,1,0,0,0,0,0,"N","N",151,7,1.58119879417459
"475","119","13/05/2022","8","3","no","no","yes","yes",0,0,0,0,0,0,10,52,0,16,0,0,1,1,0,0,0,"N","N",80,5,2.64158029991884
"476","120","01/06/2022","8","4","yes","no","no","no",8,0,2,0,0,0,3,39,0,11,0,0,0,0,0,0,0,"I","C",63,5,3.05921966820115
"477","120","27/05/2022","8","4","yes","no","no","no",2,0,4,0,0,0,3,77,0,17,0,0,0,0,0,0,0,"I","C",103,5,2.27164932723085
"478","120","13/05/2022","8","4","yes","no","no","no",0,0,1,0,0,0,4,4,0,15,0,0,0,1,0,0,0,"I","C",25,5,3.15955599131357
"479","120","18/05/2022","8","4","yes","no","no","no",0,0,0,0,0,0,5,60,0,15,0,0,0,0,0,0,0,"I","C",80,3,2.01963929931604
"480","121","01/06/2022","8","12","yes","yes","no","yes",3,0,0,0,0,0,12,0,0,20,0,0,0,0,0,0,0,"I","NI",35,3,2.45313374351289
"481","121","13/05/2022","8","12","yes","yes","no","yes",2,0,0,0,0,0,0,4,0,4,1,0,0,0,0,0,0,"I","NI",11,4,3.53832846952594
"482","121","27/05/2022","8","12","yes","yes","no","yes",0,0,1,0,0,0,4,7,0,11,0,0,0,0,0,0,0,"I","NI",23,4,3.17512354217732
"483","121","18/05/2022","8","12","yes","yes","no","yes",0,0,0,0,0,0,3,6,0,27,0,0,0,0,0,0,0,"I","NI",36,3,2.05744245895607
"484","122","01/06/2022","8","11","no","yes","yes","yes",3,0,0,0,0,1,63,6,0,17,0,1,0,2,0,0,0,"N","NI",93,7,2.8352149210041
"485","122","13/05/2022","8","11","no","yes","yes","yes",0,1,0,0,0,0,10,6,0,0,0,0,0,0,0,0,1,"N","NI",18,4,2.75634261354469
"486","122","27/05/2022","8","11","no","yes","yes","yes",0,0,3,0,0,0,29,16,0,12,0,5,0,0,0,1,0,"N","NI",66,6,4.11351295002248
"487","122","18/05/2022","8","11","no","yes","yes","yes",0,0,0,2,0,0,29,43,0,0,0,0,0,1,0,0,0,"N","NI",75,4,2.31766852623999
"488","123","01/06/2022","8","1","no","no","no","no",1,0,1,0,0,0,6,57,0,12,0,0,0,0,0,0,0,"C","C",77,5,2.27964912892852
"489","123","18/05/2022","8","1","no","no","no","no",1,0,0,0,0,1,1,42,0,1,0,0,0,0,0,0,0,"C","C",46,5,1.51586544642021
"490","123","27/05/2022","8","1","no","no","no","no",4,0,0,0,0,0,8,45,0,12,0,1,0,0,0,0,0,"C","C",70,5,2.88205560246844
"491","123","13/05/2022","8","1","no","no","no","no",0,0,0,0,0,0,1,13,1,1,0,0,0,0,0,0,0,"C","C",16,4,1.99086132017245
"492","124","01/06/2022","8","9","no","yes","yes","no",3,0,0,0,0,0,1,8,0,12,0,0,0,0,0,0,0,"N","I",24,4,3.01960729695421
"493","124","27/05/2022","8","9","no","yes","yes","no",3,0,0,0,0,0,3,9,0,12,0,0,0,0,1,0,0,"N","I",28,5,3.7643561653425
"494","124","13/05/2022","8","9","no","yes","yes","no",0,0,0,0,0,0,1,2,0,25,0,0,0,0,0,0,0,"N","I",28,3,1.50485677126045
"495","124","18/05/2022","8","9","no","yes","yes","no",0,0,0,0,0,0,0,18,0,8,0,0,0,0,0,0,0,"N","I",26,2,1.85380775496353
"496","125","01/06/2022","8","8","yes","no","no","yes",4,0,1,0,0,0,9,96,0,24,0,0,0,0,0,0,0,"I","N",134,5,2.38619161544344
"497","125","27/05/2022","8","8","yes","no","no","yes",2,0,1,0,0,0,19,40,0,26,0,0,0,0,0,0,0,"I","N",88,5,3.27549664957398
"498","125","13/05/2022","8","8","yes","no","no","yes",0,0,2,2,0,0,14,0,0,28,0,0,0,0,0,6,0,"I","N",52,5,3.27528151954658
"499","125","18/05/2022","8","8","yes","no","no","yes",0,0,0,1,0,0,46,7,0,39,0,1,0,0,0,8,0,"I","N",102,6,3.32317528390154
"500","126","01/06/2022","8","14","yes","no","yes","yes",2,0,1,0,0,0,11,14,0,14,0,0,0,0,0,0,0,"NI","N",42,5,3.73321900727844
"501","126","18/05/2022","8","14","yes","no","yes","yes",3,0,1,0,0,1,4,25,0,16,0,0,0,0,0,0,0,"NI","N",50,6,3.45055958233067
"502","126","27/05/2022","8","14","yes","no","yes","yes",0,0,0,0,0,0,14,60,0,11,0,0,0,0,0,0,0,"NI","N",85,3,2.24238842341927
"503","126","13/05/2022","8","14","yes","no","yes","yes",0,0,0,0,0,0,0,2,0,4,0,0,0,0,0,0,0,"NI","N",6,2,1.88988157484231
"504","127","01/06/2022","8","7","no","no","no","yes",4,0,1,0,0,0,3,11,0,7,0,0,0,0,0,0,0,"C","N",26,5,3.97356821573159
"505","127","18/05/2022","8","7","no","no","no","yes",37,0,13,7,0,0,18,50,0,0,0,0,0,0,1,1,0,"C","N",127,7,4.360353322749
"506","127","27/05/2022","8","7","no","no","no","yes",1,0,0,0,0,0,2,5,0,13,0,0,0,1,0,0,0,"C","N",22,5,3.14746018308817
"507","127","13/05/2022","8","7","no","no","no","yes",0,2,0,0,1,0,2,14,0,0,0,0,0,0,0,0,0,"C","N",19,4,2.34889428000272
"508","128","18/05/2022","8","2","yes","yes","no","no",1,0,1,0,0,1,0,2,0,24,0,0,0,0,0,0,0,"I","I",29,5,1.99247794255294
"509","128","27/05/2022","8","2","yes","yes","no","no",2,0,0,1,1,0,7,7,0,9,0,0,0,0,0,0,0,"I","I",27,6,4.49557684610842
"510","128","13/05/2022","8","2","yes","yes","no","no",0,0,0,0,1,0,3,0,0,13,0,0,0,0,0,0,0,"I","I",17,3,1.96975412564675
"511","128","01/06/2022","8","2","yes","yes","no","no",0,0,0,0,0,0,5,4,0,13,0,0,0,0,0,0,0,"I","I",22,3,2.60532048985808
"512","53","13/05/2022","4","10","yes","yes","yes","yes",0,0,0,0,0,0,0,0,0,0,0,0,0,0,0,0,0,"NI","NI",0,0,0
